{"textures":{"0":"bil:item/sculkling/texture","1":"bil:item/sculkling/texture_hurt"},"elements":[{"from":[7.5,5.0,7.5],"to":[8.5,8.0,8.5],"faces":{"up":{"texture":"#0","tintindex":0,"uv":[9.5,6.5,9.0,6.0]},"west":{"texture":"#0","tintindex":0,"uv":[9.0,4.5,9.5,6.0]},"east":{"texture":"#0","tintindex":0,"uv":[9.0,1.5,9.5,3.0]},"south":{"texture":"#0","tintindex":0,"uv":[9.0,3.0,9.5,4.5]},"down":{"texture":"#0","tintindex":0,"uv":[9.5,6.5,9.0,7.0]},"north":{"texture":"#0","tintindex":0,"uv":[9.0,0.0,9.5,1.5]}},"rotation":{"axis":"y","angle":0.0,"origin":[10.0,5.0,8.0]}}],"display":{"head":{"rotation":[0.0,180.0,0.0]}}}