{"parent":"minecraft:item/generated","textures":{"layer0":"minecraft:item/brick"},"overrides":[{"model":"polydecorations:block/spruce_shelf_double","predicate":{"custom_model_data":2}},{"model":"polydecorations:block/mangrove_shelf_top","predicate":{"custom_model_data":3}},{"model":"polydecorations:block/spruce_bench_norest_left","predicate":{"custom_model_data":4}},{"model":"polydecorations:block/acacia_bench_norest_right","predicate":{"custom_model_data":5}},{"model":"polydecorations:block/jungle_bench_norest_middle","predicate":{"custom_model_data":6}},{"model":"polydecorations:block/warped_bench_left","predicate":{"custom_model_data":7}},{"model":"polydecorations:block/bamboo_bench_right","predicate":{"custom_model_data":8}},{"model":"polydecorations:item/oak_shelf","predicate":{"custom_model_data":9}},{"model":"polydecorations:item/mangrove_bench","predicate":{"custom_model_data":10}},{"model":"polydecorations:item/spruce_sign_post","predicate":{"custom_model_data":11}},{"model":"polydecorations:block/statue/stone/right_leg","predicate":{"custom_model_data":12}},{"model":"polydecorations:block/statue/prismarine/left_arm","predicate":{"custom_model_data":13}},{"model":"polydecorations:block/statue/red_sandstone/right_leg","predicate":{"custom_model_data":14}},{"model":"polydecorations:block/statue/spruce/body","predicate":{"custom_model_data":15}},{"model":"polydecorations:block/statue/acacia/left_arm","predicate":{"custom_model_data":16}},{"model":"polydecorations:block/statue/jungle/right_arm","predicate":{"custom_model_data":17}},{"model":"polydecorations:block/statue/crimson/left_leg","predicate":{"custom_model_data":18}},{"model":"polydecorations:block/statue/mangrove/right_leg","predicate":{"custom_model_data":19}},{"model":"polydecorations:item/prismarine_statue","predicate":{"custom_model_data":20}}]}