{"parent":"minecraft:item/generated","textures":{"layer0":"minecraft:item/ghast_tear"},"overrides":[{"model":"polydecorations:block/crimson_shelf_top","predicate":{"custom_model_data":2}},{"model":"polydecorations:block/spruce_bench_left","predicate":{"custom_model_data":3}},{"model":"polydecorations:block/acacia_bench_right","predicate":{"custom_model_data":4}},{"model":"polydecorations:block/jungle_bench_middle","predicate":{"custom_model_data":5}},{"model":"polydecorations:block/crimson_bench_norest","predicate":{"custom_model_data":6}},{"model":"polydecorations:block/mangrove_bench_norest_left","predicate":{"custom_model_data":7}},{"model":"polydecorations:item/cherry_shelf","predicate":{"custom_model_data":8}},{"model":"polydecorations:item/oak_bench","predicate":{"custom_model_data":9}},{"model":"polydecorations:item/mangrove_mailbox","predicate":{"custom_model_data":10}},{"model":"polydecorations:block/statue/stone/body","predicate":{"custom_model_data":11}},{"model":"polydecorations:block/statue/blackstone/left_leg","predicate":{"custom_model_data":12}},{"model":"polydecorations:block/statue/red_sandstone/body","predicate":{"custom_model_data":13}},{"model":"polydecorations:block/statue/oak/left_leg","predicate":{"custom_model_data":14}},{"model":"polydecorations:block/statue/birch/right_leg","predicate":{"custom_model_data":15}},{"model":"polydecorations:item/cherry_statue","predicate":{"custom_model_data":16}},{"model":"polydecorations:block/statue/crimson/head","predicate":{"custom_model_data":17}},{"model":"polydecorations:block/statue/mangrove/body","predicate":{"custom_model_data":18}},{"model":"polydecorations:item/canvas","predicate":{"custom_model_data":19}},{"model":"polydecorations:block/tiny_potato","predicate":{"custom_model_data":20}}]}