{"parent":"minecraft:item/generated","textures":{"layer0":"minecraft:item/gunpowder"},"overrides":[{"model":"polydecorations:block/dark_oak_shelf_top","predicate":{"custom_model_data":2}},{"model":"polydecorations:block/oak_bench_norest_right","predicate":{"custom_model_data":3}},{"model":"polydecorations:block/birch_bench_norest_middle","predicate":{"custom_model_data":4}},{"model":"polydecorations:block/jungle_bench_left","predicate":{"custom_model_data":5}},{"model":"polydecorations:block/crimson_bench_right","predicate":{"custom_model_data":6}},{"model":"polydecorations:block/mangrove_bench_middle","predicate":{"custom_model_data":7}},{"model":"polydecorations:item/soul_brazier","predicate":{"custom_model_data":8}},{"model":"polydecorations:item/warped_bench","predicate":{"custom_model_data":9}},{"model":"polydecorations:item/jungle_mailbox","predicate":{"custom_model_data":10}},{"model":"polydecorations:item/bamboo_sign_post","predicate":{"custom_model_data":11}},{"model":"polydecorations:block/statue/blackstone/left_arm","predicate":{"custom_model_data":12}},{"model":"polydecorations:block/statue/sandstone/right_leg","predicate":{"custom_model_data":13}},{"model":"polydecorations:block/statue/oak/left_arm","predicate":{"custom_model_data":14}},{"model":"polydecorations:block/statue/birch/right_arm","predicate":{"custom_model_data":15}},{"model":"polydecorations:block/statue/cherry/left_leg","predicate":{"custom_model_data":16}},{"model":"polydecorations:block/statue/dark_oak/right_leg","predicate":{"custom_model_data":17}},{"model":"polydecorations:item/warped_statue","predicate":{"custom_model_data":18}},{"model":"polydecorations:item/display_case","predicate":{"custom_model_data":19}},{"model":"polydecorations:block/globe_base","predicate":{"custom_model_data":20}}]}