{"parent":"minecraft:item/generated","textures":{"layer0":"minecraft:item/nether_brick"},"overrides":[{"model":"polydecorations:block/birch_shelf_top","predicate":{"custom_model_data":2}},{"model":"polydecorations:block/mangrove_shelf_double","predicate":{"custom_model_data":3}},{"model":"polydecorations:block/spruce_bench_norest_right","predicate":{"custom_model_data":4}},{"model":"polydecorations:block/acacia_bench_norest_middle","predicate":{"custom_model_data":5}},{"model":"polydecorations:block/dark_oak_bench_left","predicate":{"custom_model_data":6}},{"model":"polydecorations:block/warped_bench_right","predicate":{"custom_model_data":7}},{"model":"polydecorations:block/bamboo_bench_middle","predicate":{"custom_model_data":8}},{"model":"polydecorations:item/crimson_shelf","predicate":{"custom_model_data":9}},{"model":"polydecorations:item/birch_bench","predicate":{"custom_model_data":10}},{"model":"polydecorations:item/birch_sign_post","predicate":{"custom_model_data":11}},{"model":"polydecorations:block/statue/deepslate/head","predicate":{"custom_model_data":12}},{"model":"polydecorations:block/statue/prismarine/right_arm","predicate":{"custom_model_data":13}},{"model":"polydecorations:block/statue/quartz/head","predicate":{"custom_model_data":14}},{"model":"polydecorations:block/statue/spruce/left_arm","predicate":{"custom_model_data":15}},{"model":"polydecorations:block/statue/acacia/right_arm","predicate":{"custom_model_data":16}},{"model":"polydecorations:block/statue/jungle/left_leg","predicate":{"custom_model_data":17}},{"model":"polydecorations:block/statue/crimson/right_leg","predicate":{"custom_model_data":18}},{"model":"polydecorations:item/mangrove_statue","predicate":{"custom_model_data":19}},{"model":"polydecorations:item/sandstone_statue","predicate":{"custom_model_data":20}}]}