{"parent":"minecraft:item/generated","textures":{"layer0":"minecraft:item/phantom_membrane"},"overrides":[{"model":"polydecorations:block/jungle_shelf_double","predicate":{"custom_model_data":2}},{"model":"polydecorations:block/oak_bench_norest_left","predicate":{"custom_model_data":3}},{"model":"polydecorations:block/birch_bench_norest_right","predicate":{"custom_model_data":4}},{"model":"polydecorations:block/cherry_bench_norest_middle","predicate":{"custom_model_data":5}},{"model":"polydecorations:block/crimson_bench_left","predicate":{"custom_model_data":6}},{"model":"polydecorations:block/mangrove_bench_right","predicate":{"custom_model_data":7}},{"model":"polydecorations:item/brazier","predicate":{"custom_model_data":8}},{"model":"polydecorations:item/bamboo_bench","predicate":{"custom_model_data":9}},{"model":"polydecorations:item/crimson_mailbox","predicate":{"custom_model_data":10}},{"model":"polydecorations:item/mangrove_sign_post","predicate":{"custom_model_data":11}},{"model":"polydecorations:block/statue/blackstone/body","predicate":{"custom_model_data":12}},{"model":"polydecorations:block/statue/sandstone/left_leg","predicate":{"custom_model_data":13}},{"model":"polydecorations:block/statue/oak/body","predicate":{"custom_model_data":14}},{"model":"polydecorations:block/statue/birch/left_arm","predicate":{"custom_model_data":15}},{"model":"polydecorations:block/statue/cherry/right_arm","predicate":{"custom_model_data":16}},{"model":"polydecorations:block/statue/dark_oak/left_leg","predicate":{"custom_model_data":17}},{"model":"polydecorations:block/statue/warped/right_leg","predicate":{"custom_model_data":18}},{"model":"polydecorations:item/bamboo_statue","predicate":{"custom_model_data":19}},{"model":"polydecorations:block/unlit_brazier","predicate":{"custom_model_data":20}}]}