{"parent":"minecraft:item/generated","textures":{"layer0":"minecraft:item/popped_chorus_fruit"},"overrides":[{"model":"polydecorations:block/spruce_shelf_top","predicate":{"custom_model_data":2}},{"model":"polydecorations:block/warped_shelf_double","predicate":{"custom_model_data":3}},{"model":"polydecorations:block/spruce_bench_norest","predicate":{"custom_model_data":4}},{"model":"polydecorations:block/acacia_bench_norest_left","predicate":{"custom_model_data":5}},{"model":"polydecorations:block/jungle_bench_norest_right","predicate":{"custom_model_data":6}},{"model":"polydecorations:block/crimson_bench_norest_middle","predicate":{"custom_model_data":7}},{"model":"polydecorations:block/bamboo_bench_left","predicate":{"custom_model_data":8}},{"model":"polydecorations:item/acacia_shelf","predicate":{"custom_model_data":9}},{"model":"polydecorations:item/dark_oak_bench","predicate":{"custom_model_data":10}},{"model":"polydecorations:item/oak_sign_post","predicate":{"custom_model_data":11}},{"model":"polydecorations:block/statue/stone/left_leg","predicate":{"custom_model_data":12}},{"model":"polydecorations:block/statue/prismarine/body","predicate":{"custom_model_data":13}},{"model":"polydecorations:block/statue/red_sandstone/left_leg","predicate":{"custom_model_data":14}},{"model":"polydecorations:block/statue/spruce/head","predicate":{"custom_model_data":15}},{"model":"polydecorations:block/statue/acacia/body","predicate":{"custom_model_data":16}},{"model":"polydecorations:block/statue/jungle/left_arm","predicate":{"custom_model_data":17}},{"model":"polydecorations:block/statue/crimson/right_arm","predicate":{"custom_model_data":18}},{"model":"polydecorations:block/statue/mangrove/left_leg","predicate":{"custom_model_data":19}},{"model":"polydecorations:item/blackstone_statue","predicate":{"custom_model_data":20}}]}