{"parent":"minecraft:item/generated","textures":{"layer0":"minecraft:item/rabbit_foot"},"overrides":[{"model":"polydecorations:block/jungle_shelf_top","predicate":{"custom_model_data":2}},{"model":"polydecorations:block/oak_bench_norest","predicate":{"custom_model_data":3}},{"model":"polydecorations:block/birch_bench_norest_left","predicate":{"custom_model_data":4}},{"model":"polydecorations:block/cherry_bench_norest_right","predicate":{"custom_model_data":5}},{"model":"polydecorations:block/dark_oak_bench_norest_middle","predicate":{"custom_model_data":6}},{"model":"polydecorations:block/mangrove_bench_left","predicate":{"custom_model_data":7}},{"model":"polydecorations:item/mod_icon","predicate":{"custom_model_data":8}},{"model":"polydecorations:item/cherry_bench","predicate":{"custom_model_data":9}},{"model":"polydecorations:item/oak_mailbox","predicate":{"custom_model_data":10}},{"model":"polydecorations:item/warped_sign_post","predicate":{"custom_model_data":11}},{"model":"polydecorations:block/statue/blackstone/head","predicate":{"custom_model_data":12}},{"model":"polydecorations:block/statue/sandstone/right_arm","predicate":{"custom_model_data":13}},{"model":"polydecorations:block/statue/oak/head","predicate":{"custom_model_data":14}},{"model":"polydecorations:block/statue/birch/body","predicate":{"custom_model_data":15}},{"model":"polydecorations:block/statue/cherry/left_arm","predicate":{"custom_model_data":16}},{"model":"polydecorations:block/statue/dark_oak/right_arm","predicate":{"custom_model_data":17}},{"model":"polydecorations:block/statue/warped/left_leg","predicate":{"custom_model_data":18}},{"model":"polydecorations:block/statue/bamboo/right_leg","predicate":{"custom_model_data":19}},{"model":"polydecorations:block/lantern_support_fence","predicate":{"custom_model_data":20}}]}