{"parent":"minecraft:item/generated","textures":{"layer0":"minecraft:item/turtle_scute"},"overrides":[{"model":"polydecorations:block/acacia_shelf_double","predicate":{"custom_model_data":2}},{"model":"polydecorations:block/oak_bench_left","predicate":{"custom_model_data":3}},{"model":"polydecorations:block/birch_bench_right","predicate":{"custom_model_data":4}},{"model":"polydecorations:block/cherry_bench_middle","predicate":{"custom_model_data":5}},{"model":"polydecorations:block/dark_oak_bench_norest","predicate":{"custom_model_data":6}},{"model":"polydecorations:block/warped_bench_norest_left","predicate":{"custom_model_data":7}},{"model":"polydecorations:block/bamboo_bench_norest_right","predicate":{"custom_model_data":8}},{"model":"polydecorations:item/mangrove_shelf","predicate":{"custom_model_data":9}},{"model":"polydecorations:item/bamboo_mailbox","predicate":{"custom_model_data":10}},{"model":"polydecorations:item/jungle_sign_post","predicate":{"custom_model_data":11}},{"model":"polydecorations:block/statue/deepslate/right_arm","predicate":{"custom_model_data":12}},{"model":"polydecorations:block/statue/sandstone/head","predicate":{"custom_model_data":13}},{"model":"polydecorations:block/statue/quartz/right_arm","predicate":{"custom_model_data":14}},{"model":"polydecorations:block/statue/spruce/right_leg","predicate":{"custom_model_data":15}},{"model":"polydecorations:item/acacia_statue","predicate":{"custom_model_data":16}},{"model":"polydecorations:block/statue/dark_oak/head","predicate":{"custom_model_data":17}},{"model":"polydecorations:block/statue/warped/body","predicate":{"custom_model_data":18}},{"model":"polydecorations:block/statue/bamboo/left_arm","predicate":{"custom_model_data":19}},{"model":"polydecorations:item/ghost_light","predicate":{"custom_model_data":20}}]}