{"textures":{"0":"bil:item/showmaster/showmaster","1":"bil:item/showmaster/showmaster_hurt"},"elements":[{"from":[4.0,-4.0,5.0],"to":[12.0,8.0,11.0],"faces":{"up":{"texture":"#0","tintindex":0,"uv":[5.75,3.125,4.75,2.375]},"west":{"texture":"#0","tintindex":0,"uv":[5.75,3.125,6.5,4.625]},"east":{"texture":"#0","tintindex":0,"uv":[4.0,3.125,4.75,4.625]},"south":{"texture":"#0","tintindex":0,"uv":[6.5,3.125,7.5,4.625]},"down":{"texture":"#0","tintindex":0,"uv":[6.75,2.375,5.75,3.125]},"north":{"texture":"#0","tintindex":0,"uv":[4.75,3.125,5.75,4.625]}},"rotation":{"axis":"y","angle":0.0,"origin":[8.0,-16.0,8.0]}},{"from":[3.5,-12.5,4.5],"to":[12.5,8.5,11.5],"faces":{"up":{"texture":"#0","tintindex":0,"uv":[1.75,9.375,0.75,8.625]},"west":{"texture":"#0","tintindex":0,"uv":[1.75,9.375,2.5,11.875]},"east":{"texture":"#0","tintindex":0,"uv":[0.0,9.375,0.75,11.875]},"south":{"texture":"#0","tintindex":0,"uv":[2.5,9.375,3.5,11.875]},"down":{"texture":"#0","tintindex":0,"uv":[2.75,8.625,1.75,9.375]},"north":{"texture":"#0","tintindex":0,"uv":[0.75,9.375,1.75,11.875]}},"rotation":{"axis":"y","angle":0.0,"origin":[8.0,-16.0,8.0]}}],"display":{"head":{"rotation":[0.0,180.0,0.0]}}}