{"textures":{"0":"bil:item/showmaster/showmaster_hurt","1":"bil:item/showmaster/showmaster_hurt"},"elements":[{"from":[7.0,-2.0,6.0],"to":[11.0,10.0,10.0],"faces":{"up":{"texture":"#0","tintindex":0,"uv":[1.0,7.125,0.5,6.625]},"west":{"texture":"#0","tintindex":0,"uv":[0.0,7.125,0.5,8.625]},"east":{"texture":"#0","tintindex":0,"uv":[0.0,7.125,0.5,8.625]},"south":{"texture":"#0","tintindex":0,"uv":[1.5,7.125,2.0,8.625]},"down":{"texture":"#0","tintindex":0,"uv":[1.5,6.625,1.0,7.125]},"north":{"texture":"#0","tintindex":0,"uv":[0.5,7.125,1.0,8.625]}},"rotation":{"axis":"y","angle":0.0,"origin":[3.0,-14.0,8.0]}}],"display":{"head":{"rotation":[0.0,180.0,0.0]}}}