{"textures":{"0":"bil:item/penguin/penguin","1":"bil:item/penguin/penguin_hurt"},"elements":[{"from":[8.0,-1.0,5.0],"to":[9.0,8.0,11.0],"faces":{"up":{"texture":"#0","tintindex":0,"uv":[1.75,9.25,1.5,7.75]},"west":{"texture":"#0","tintindex":0,"uv":[1.5,9.25,0.0,11.5]},"east":{"texture":"#0","tintindex":0,"uv":[0.0,9.25,1.5,11.5]},"south":{"texture":"#0","tintindex":0,"uv":[3.25,9.25,3.5,11.5]},"down":{"texture":"#0","tintindex":0,"uv":[2.0,7.75,1.75,9.25]},"north":{"texture":"#0","tintindex":0,"uv":[1.5,9.25,1.75,11.5]}},"rotation":{"axis":"y","angle":0.0,"origin":[4.0,-1.0,8.0]}}],"display":{"head":{"rotation":[0.0,180.0,0.0]}}}