{"textures":{"0":"bil:item/firemoth/firemoth_hurt","1":"bil:item/firemoth/firemoth_hurt"},"elements":[{"from":[8.0,8.0,1.0],"to":[18.0,8.0,15.0],"faces":{"up":{"texture":"#0","tintindex":0,"uv":[0.0,7.0,5.0,0.0]},"west":{"texture":"#0","tintindex":0,"uv":[0.0,0.0,0.0,0.0]},"east":{"texture":"#0","tintindex":0,"uv":[0.0,0.0,0.0,0.0]},"south":{"texture":"#0","tintindex":0,"uv":[0.0,0.0,0.0,0.0]},"down":{"texture":"#0","tintindex":0,"uv":[0.0,0.0,5.0,7.0]},"north":{"texture":"#0","tintindex":0,"uv":[0.0,0.0,0.0,0.0]}},"rotation":{"axis":"y","angle":0.0,"origin":[6.0,4.0,7.0]}}],"display":{"head":{"rotation":[0.0,180.0,0.0]}}}