{
	"textures": {
		"0": "block/stone"
	},
	"elements": [
		{
			"from": [6, -4, 6],
			"to": [10, 8, 10],
			"rotation": {"angle": 0, "axis": "y", "origin": [8, 8, 8]},
			"faces": {
				"north": {"uv": [1, 4, 5, 16], "texture": "#0"},
				"east": {"uv": [0, 4, 4, 16], "texture": "#0"},
				"south": {"uv": [3, 4, 7, 16], "texture": "#0"},
				"west": {"uv": [2, 4, 6, 16], "texture": "#0"},
				"up": {"uv": [5, 8, 1, 4], "texture": "#0"},
				"down": {"uv": [6, 4, 2, 8], "texture": "#0"}
			}
		}
	],
	"display": {
		"head": {
			"rotation": [0, 180, 0]
		}
	}
}